{"cameraMode":{"drawMode":0,"name":"Shaded","section":"Shading Mode"},"sceneLighting":false,"audioPlay":false,"sceneViewState":{"showFog":true,"showMaterialUpdate":false,"showSkybox":false,"showFlares":true,"showImageEffects":true,"showParticleSystems":true},"in2DMode":false,"pivot":{"x":-0.2175886631011963,"y":0.8673684597015381,"z":-3.40035343170166},"rotation":{"x":0.706044614315033,"y":-0.0010622496483847499,"z":0.001059067784808576,"w":0.7081658840179443},"size":16903.01171875,"orthographic":false}